{"items":[
    {"category":{"cat1":"Console","cat2":"Informatique"},"info":{"name":"PBX","prix":999,"description":"Une chtite console pour jouer dans son salon."},"quantitee":0,"icone":"https://cdn.pixabay.com/photo/2017/11/18/00/10/xbox-2958864_1280.jpg"},
    {"category":{"cat1":"Ordinateur","cat2":"Informatique"},"info":{"name":"PAC-POOK-BRO","prix":2500,"description":"Un ptit pc pour parfait pour des cours en ligne."},"quantitee":3,"icone":"https://d1fmx1rbmqrxrr.cloudfront.net/zdnet/optim/i/edit/ne/2019/06/macoscatalina__w630.JPG"},
    {"category":{"cat1":"Cuisine","cat2":"Couvers"},"info":{"name":"Cuillère","prix":5.99,"description":"Pour manger la soupe."},"quantitee":1000,"icone":"https://p0.pikist.com/photos/55/321/slberloeffel-spoon-shiny-silver-reflect-cutlery.jpg"},
    {"category":{"cat1":"Cuisine","cat2":"Ammeublement"},"info":{"name":"Four","prix":259,"description":"Four pour cuire des aliments."},"quantitee":210,"icone":"https://upload.wikimedia.org/wikipedia/commons/thumb/e/ef/Four_siemens.jpg/1600px-Four_siemens.jpg"},
    {"category":{"cat1":"Informatique","cat2":"Stockage"},"info":{"name":"SSD","prix":165,"description":"Disque SSD 256Go."},"quantitee":15,"icone":"https://fulcro.com.pt/wp-content/uploads/2017/07/recuperacao-dados-ssd.png"},
    {"category":{"cat1":"Informatique","cat2":"Stockage"},"info":{"name":"Carte micro SD","prix":42,"description":"Carte micro SD 64Go avec adaptateurs."},"quantitee":560,"icone":"https://upload.wikimedia.org/wikipedia/commons/f/fb/MicroSD_MemoryCard_with_Adapters.jpg"},
    {"category":{"cat1":"Cuisine","cat2":"Couvers"},"info":{"name":"Couteau","prix":6.99,"description":"Pour couper des choses."},"quantitee":210,"icone":"https://cdn.pixabay.com/photo/2019/04/03/21/23/cooks-knife-4101446_1280.jpg"},
    {"category":{"cat1":"Cuisine","cat2":"Couvers"},"info":{"name":"Fourchette","prix":5.99,"description":"Ca va avec le couteau, c'est toujours mieux à deux."},"quantitee":250,"icone":"https://c.pxhere.com/images/77/54/6897228f717e315c8233cc4bd238-1451329.jpg!d"},
    {"category":{"cat1":"Salon","cat2":"Ammeublement"},"info":{"name":"Table basse","prix":469,"description":"Petite table basse très chique."},"quantitee":40,"icone":"https://cdn.pixabay.com/photo/2014/12/21/23/43/table-575914_1280.png"}
]
}
